clave,nombre,grupo,texto,num_caracteres
100_montaditos,100 Montaditos,A,"Móntatelo. Donde siempre. (@100Montaditos)
ABRE TU FRANQUICIA
CARTA
ENCUÉNTRANOS
DELIVERY
Euromanía
¡Ver promo!
Quijote y Sancho
¡Ver más!
Montaditos
Monty
Ruedas
Ensaladas
Aperitivos
Raciones
Bebidas
CERVE
Prueba las nuevas
PALOMITAS VEGANAS
Proteina 100% vegetal
Sin GMO
0% Colesterol
Cobertura
crujiente y dorada
Atractiva cobertura
a base de harina de
maíz y trigo

Nuestra historia | 100 Montaditos
ABRE TU FRANQUICIA
CARTA
ENCUÉNTRANOS
DELIVERY
Nuestra historia
La historia de 100 Montaditos comenzó en el
año 2000
en una pequeña playa de
Islantilla
, Huelva, con un concepto gastronómico revolucionario, sencillo, de operativa fácil, con
ingredientes de alta calidad y con una gran variedad de producto
, además de una divertida manera de hacer los pedidos. Y esta combinación ha resultado ser un
completo éxito
Año 2000
Islantilla, Huelva
100 Montaditos
El concepto
Una forma divertida y variada de disfrutar de la comida. Un lugar para compartir experiencias y dejarse llevar por el momento.
100 Montaditos
El producto
Hablar de 100 Montaditos es hablar de un producto único en el que la calidad y la originalidad son marca de la casa. Una de las claves del éxito de la carta es el pan, un pan único, de receta patentada y que además se hornea en el momento en el que el cliente hace el pedido. Un tipo de pan tradicional, que siempre se sirve calentito y crujiente, elaborado con nuestra fórmula exclusiva a un precio redondo.
100 Montaditos
La experiencia
Desde que suena tu nombre por la megafonía, todo son sorpresas y bocados de felicidad. El gran número de opciones hace que el ritual de elegir tu pedido se haya convertido en un clásico entre los consumidores de España y de todo el mundo.
100 Montaditos
Un negocio rentable
100 Montaditos ha conquistado el mercado y se ha posicionado tanto en la mente de los consumidores como de los inversores, ya que se ha convertido en la primera opción para emprender en franquicia. En definitiva, nuestra marca sorprende al público con su forma de entender la gastronomía española en un entorno de diversión.
Abre tu propio 100 Montaditos
La mejor franquicia española de restauración organizada
Más de 450 unidades de restauración en 13 países.
Más del 35% de nuestros franquiciados tiene 2 o más franquicias.
Negociamos la mejor localización.
Formación y respaldo ofrecido por Grupo Restalia.
0.217542 1.08945 0.483504 1.35182L5.92677 6.72158C6.08201 6.87473 6.08201 7.12527 5.92677 7.27842L0.449437 12.6818C0.202214 12.9257 0.202214 13.3246 0.449437 13.5685ZM5.46681 13.5685C5.70932 13.8078 6.09905 13.8078 6.34157 13.5685L12.669 7.32654C12.8511 7.14692 12.8511 6.85308 12.669 6.67346L6.34157 0.431476C6.09905 0.192235 5.70932 0.192235 5.46681 0.431476C5.21958 0.67536 5.21958 1.07433 5.46681 1.31821L10.9441 6.72158C11.0994 6.87473 11.0994 7.12527 10.9441 7.27842L5.4668 12.6818C5.21958 12.9257 5.21958 13.3246 5.46681 13.5685Z"" fill=""#D9534A"">
Descargar dossier
Pedir más información
CERVE
Prueba las nuevas
PALOMITAS VEGANAS
Proteina 100% vegetal
Sin GMO
0% Colesterol
Cobertura
crujiente y dorada
Atractiva cobertura
a base de harina de
maíz y trigo",3112
goiko,Goiko,A,"GOIKO: Hamburguesas gourmet con chorreo por siempre
GOIKO: Hamburguesas gourmet con chorreo por siempre
KEVIN
BACON
KEVIN
BACON
KEVIN
BACON
KEVIN
BACON
KEVIN
BACON
KEVIN
BACON
KEVIN
BACON
KEVIN
BACON
KEVIN
BACON
KEVIN
BACON
KEVIN
BACON
KEVIN
BACON
KEVIN
BACON
KEVIN
BACON
KEVIN
BACON
KEVIN
BACON
¿Teques gratis? Sí, en Takeaway
FREE
TEQUES
¡Haz tu pedido aquí!
¡Haz tu pedido aquí!
Todos los días de 16h a 20h
TARDEO
GOIKO
¡Descúbrelo!
¡Descúbrelo!
Ahora tu burger viene con
REFILL DE
PATATAS
¡Reserva ya!
¡Reserva ya!
Para ti y tus friends
MENÚ
GRUPOS
¡Descúbrelo!
¡Descúbrelo!
0% Gluten, 100% GOIKO
GLUTEN
FREE
¡Descubre más!
¡Descubre más!
Somos Dog Friendly
you Can
Ver más
Ver más
¿Teques gratis? Sí, en Takeaway
FREE
TEQUES
¡Haz tu pedido aquí!
¡Haz tu pedido aquí!
Todos los días de 16h a 20h
TARDEO
GOIKO
¡Descúbrelo!
¡Descúbrelo!
Ahora tu burger viene con
REFILL DE
PATATAS
¡Reserva ya!
¡Reserva ya!
Para ti y tus friends
MENÚ
GRUPOS
¡Descúbrelo!
¡Descúbrelo!
0% Gluten, 100% GOIKO
GLUTEN
FREE
¡Descubre más!
¡Descubre más!
Somos Dog Friendly
you Can
Ver más
Ver más
Carta
Carta
Carta
Carta
Carta
Carta
Carta
Carta
Entrantes
Entrantes
To share or not to share
Burgers
Burgers
Las de siempre
Chicken lovers
Chicken lovers
Para los amantes del pollo
Smash Burgers
Smash Burgers
Smash the Beef!
Goiko Kids
Goiko Kids
Para los peques de la casa
Ensaladas
Ensaladas
Green & Fresh
Bebidas
Bebidas
Brindemos
Postres
Postres
Para un final feliz
Menús GOIKO
Menús GOIKO
Chorreo modo ON
Toda la carta
Toda la carta
KEVIN BACON VENDIDAS ESTE AÑO
Especiales
Burgers
Especiales
Burgers
Especiales
Burgers
Especiales
Burgers
DESCUBRE LAS HAMBURGUESAS ESPECIALES GOIKO
QUE PODRÁS PROBAR EN NUESTROS RESTAURANTES.
DESCÚBRELAS AQUÍ
DESCÚBRELAS AQUÍ
DESCÚBRELAS AQUÍ
DESCÚBRELAS AQUÍ
SEAMOS
Friends with
Benefits
Únete al club más top de GOIKO y accede a ofertas y experiencias exclusivas
REGISTRARSE
REGISTRARSE
FOODTRUCK
¡GOIKO sobre ruedas! Llevamos el chorreo a donde tú estés. La Bestia y la Mini Bestia están ready para el party.
Saber más
Saber más
Prepárate para
chuparte los dedos...
Goikocina. Los ingredientes más top, ahora en tu cocina
Descubre Goikocina
Descubre Goikocina
Goiko
Universe
Goiko
Universe
Goiko
Universe
Goiko
Universe
Sabemos que las
hamburguesas
más ricas siempre
manchan.
GOIKO es el lugar donde puedes dejarte llevar por el placer de las burgers más irresistibles y de mejor calidad, donde puedes rendirte a tus impulsos y disfrutar del chorreo sin que te importe mancharte las manos.
Saber más
Saber más
News
Goiko
News
Goiko
News
Goiko
News
Goiko
Noticias
Golden Glaze y planazos en grupo: la combinación más épica para ti y tus friends
Noticias
Llega la Cheesetosa a Goiko. Ponle 4 quesos al drama del fin del verano
Noticias
El tardeo llega a Goiko con las Babies: burgers a 2,9 euros
Ver todas las news
Ver todas las news
Ver todas las news
Ver todas las news

Nuestra historia - GOIKO
Nuestra historia - GOIKO
Hacer pedido
Hacer pedido
Pedir
Pedir
Reservar
Reservar
Hacer pedido
Hacer pedido
Reservar
Reservar
Mi Goiko
Carta
RESERVAR
Gluten Free*
Hacer pedido
Friends with Benefits
Nuestros restaurantes
Únete al equipo
Foodtrucks
Goikocina
*Locales Gluten Free
Conócenos
GOIKO
es el lugar donde puedes dejarte llevar por el placer de las burgers más irresistibles y de mejor calidad, donde puedes rendirte a tus impulsos y disfrutar del chorreo sin que te importe mancharte las manos.
GOIKO
es pura autenticidad en la experiencia, de principio a fin, y un Buen Rollo al que es imposible no sumarse. Si te preguntan «¿Te hace un
GOIKO
?» solo podrás responder «
F*CK YEAH!
NUESTRA HISTORIA
Nuestra historia comienza en plena crisis, en el año 2013, con Andoni Goicoechea, un joven venezolano de 25 años, de ascendencia vasca, que llega a Madrid para ejercer como Médico Interno Residente (MIR) de la especialidad de Geriatría en el Hospital de La Paz.
Con 50.000 euros prestados por su padre, Andoni decidió emprender su sueño y abrir un restaurante. Se planteó hacer una hamburguesería gourmet, con la máxima calidad y atención, y junto a su hermana, diseñó la primera carta. Así nació GOIKO
El propósito de GOIKO es, desde sus orígenes, «alimentar el deseo de superación y demostrar que todo es posible haciendo las cosas bien». Así, GOIKO tiene ya más de 100 locales en España sin recurrir al modelo de franquicia. Somos una familia que comparte unos valores, una ilusión y un sueño. Y nuestra expansión continúa, pero con una idea clara: «No hemos bajado la calidad desde que abrimos, nunca lo haremos», promete Andoni. «Somos tan buenos como la última burger que sale de la parrilla».
Equipo Goiko",4631
telepizza,Telepizza,A,"Pizza y comida a domicilio | Pedidos online - Telepizza
Ver condiciones
Ver condiciones
Descubre nuestras ofertas
Ver todas nuestras ofertas
Inicia sesión y pide más rápido
¡Estás a punto de unirte a
MiTelepi!
Acumula puntos con tus pedidos y empieza a disfrutar de descuentos y ventajas exclusivas
*Campos obligatorios:
¡Te damos la bienvenida a MiTelepi!
Para poder seguir siendo parte de MiTelepi, por favor, comprueba tus datos, acepta las nuevas condiciones y por último...¡Comienza a disfrutar de tus beneficios!
Ahora todos nuestros usuarios formaran parte de MiTelepi y disfrutaran de sus beneficios. Por favor, para continuar comprueba tus datos y acepta las nuevas condiciones.
*Campos obligatorios:
¿Dónde quieres tu pedido?
Usar mi ubicación
Necesitamos tu dirección completa, incluyendo la calle y el número del portal
Indica tu dirección para mostrarte las tiendas más cercanas.
Esta será la dirección de entrega
+ Nueva dirección de entrega
Señala la dirección en el mapa:
Usar mi ubicación
Esta será la dirección de entrega:
Confirmo que la dirección de entrega es correcta.
Para continuar, es necesario confirmar la dirección
Guarda esta dirección para futuros pedidos.
¿No encuentras tu dirección? Haz clic aquí para abrir el mapa y ubicarla manualmente.
Pedido a title.confirmation.shipping.method.null
Para continuar con tu pedido, por favor selecciona la hora de entrega.
Entrega en punto de encuentro
Restablecer contraseña
Introduce la dirección de correo que usaste en el registro. Te enviaremos un enlace donde puedes restablecer tu contraseña.
¿Dónde quieres tu pedido?
Introduce tu calle y número
Introduce una dirección
Buscar
Información
PREMIO
¡Has ganado!
¿Estás seguro que deseas eliminar tu premio?
¡Descárgate la App!
Descarga nuestra App.",1773
the_good_burger,The Good Burger,A,"The Good Burger - Grupo Restalia
Carta
Promos
Delivery
Abre tu
franquicia
Carta
Promos
Delivery
Abre tu
franquicia
GOOD
BURGER
buena
hamburguesa.
Buen rollo, buenas personas y buenas burgers.
buena
hamburguesa.
Buen rollo, buenas personas y buenas burgers.
cosas
que no te
deberÃ­as perder.
Cheese Bites
Nuevos Menus
Limited Edition
VER MÃ�S ğŸ”¥
calidad
es para todos.
Para todos los amantes de las
buenas hamburguesas
, para aquellos que no se conforman con lo comÃºn,
para los que
destacan
en un mundo lleno de imitaciones, para los que creen en lo autÃ©ntico y se atreven,
a arriesgar.
The good burger es para los originales.
Para los que valoran lo
verdadero
, lo bien hecho.
Para los de siempre, lo de siempre:
The good burger, la buena hamburguesa.
Your browser does not support the video tag.
Your browser does not support the video tag.
Your browser does not support the video tag.
emasiado
erfectas,
Para
er corre
Your browser does not support the video tag.
ay cosas por las que vale
manchar
limited edition
The Criolla
limited edition
The Teriyaki
i esperas, igu
Te lo pierdes
Your browser does not support the video tag.
âœŒï¸� Consigue descuentos âœŒï¸�
SuscrÃ­bete a nuestra newsletter  y consigue descuentos, promociones y regalos exlcusivos",1257
vips,VIPS,A,"VIPS: sándwiches, hamburguesas, tortitas y más | VIPS
Reserva una mesa
VIVE EL FÚTBOL DESDE CASA
Regístrate o inicia sesión para disfrutar de promociones exclusivas en delivery y take-away
Regístrate
ENSALADAS DE VERANO
Pensadas para los días que piden algo fresco, rico y lleno de sabor.
Ir a carta
Descúbrelas
Nueva experiencia infantil
Conoce nuestra nueva carta infantil y llévate un juego para disfrutar en familia
Descúbrelo
Nuevo Menú del día
Disfruta de dos platos, una bebida y un postre de lunes a viernes a partir de las 12:30
Descúbrelo
NUEVOS SÁNDWICHES GOURMET
Hemos llevado lo que mejor se nos da hacer, los sándwiches, un paso más allá.
Pide ya
Previous
Next
Lo de Vips. No es Normal
¿Se acerca la hora de comer y no sabes qué elegir? Tenemos para ti, desayunos, comidas, meriendas o cenas ideal para tu paladar. A donde quieras ir, ve con VIPS.
Delivery
Comidas
Desayunos
CATERING
VIPS
Más info
NORMAL,
LA REVISTA
Descúbrela
CARTA VIPS
Menú del Día Clásico
Primero, segundo, postre o café y bebida. Menú sujeto a disponibilidad. Consulta con tu camarero.
Ver más
VIPS Club Gourmet
Tres pisos de pan blanco con arándanos, pollo asado, pechuga de pavo, bacon de Angus, queso brie, tomate seco, mezcla de lechugas y cebolla roja asada con salsa mayo-trufada.
Ver más
VIPS Club
Pan blanco o pan de semillas, tres pisos de pollo a la plancha, bacon, jamón York, quesos, mayonesa, tomate y lechuga.
Ver más
Cubano
Pulled pork, queso emmental y queso fundido, jamón cocido, mostaza, mayonesa y pepinillo, en pan de maíz con semillas de calabaza y girasol.
Ver más
Smash Ibérica Carbonara
Dos carnes smash de cerdo ibérico y vacuno con salsa carbonara tradicional, torreznos de Soria crujientes, queso parmesano rallado, bacon crujiente y salsa baconesa en pan brioche.
Ver más
Pollo Oriental
Contramuslo de pollo marinado con salsa teriyaki, brócoli asado, salteado de col lombarda, cebolla y pimiento rojo, zanahoria, anacardos, ajetes y sésamo sobre arroz de sushi con portobello y salsa yakiniku.
Ver más
VIPS Burger
Carne de vacuno o pollo crujiente, queso fundido, lechuga, bacon crujiente, salsa BBQ ahumada, cebolla roja a la plancha, pepinillo y salsa baconesa en pan brioche.
Ver más
CachoPower ® de pollo
Cachopo de pollo relleno de bacon crujiente, queso y piparras en pan de focaccia, con huevo frito, lechuga, cebolla roja y salsa mayo-mostaza.
Ver más
Tartar de atún con mango
Tartar de atún aliñado con cilantro y lima, mostaza Dijon y salsa yakiniku con relish de aguacate, mango y sweet chilli, rúcula, mayo- sriracha y sésamo negro y ajonjolí en pan de centeno y semillas.
Ver más
Steak tartar de buey
Steak tartar de buey con berenjena asada, salsa holandesa y rúcula, con sésamo negro y ajonjolí, mayonesa cítrica y perlas chipotle en pan de pimiento rojo.
Ver más
Ensalada Los Ángeles
Aguacate, mango, fresas, queso de cabra, feta, tomate cherry, cebolla roja y nueces. Con vinagreta, quinoa y lechugas.
Ver más
Smash Bacon&Cheese
Dos carnes de vacuno al estilo smash, bacon crujiente, queso cheddar fundido, mayonesa, mostaza, kétchup especiado y pepinillos agridulces en pan brioche.
Ver más
Ver toda la carta
promo
Vips para ti
¡Descubre las mejores promociones pensadas para ti!
Ver promociones
2x1 estudiantes
Presenta tu carnet y disfruta de nuestro 2x1
2x1 de Bienvenida
Hazte socio y disfruta el doble en tu primer pedido.
Disfruta del 10%
Previous
Next
PromoVips
Disfruta
de un 10%de dto de bienvenida
2x1 de Bienvenida
Hazte socio y disfruta el doble en tu primer pedido.
Ver promociones",3528
fosters_hollywood,Foster's Hollywood,A,"Foster’s Hollywood | Tu restaurante de comida americana
Reserva una mesa
NEW BREAKFAST & BRUNCH
Descubre el auténtico desayuno americano ¡Solo disponible en restaurantes seleccionados!
Descúbrelos
NEW AMERICAN BARBECUE
¿Hay un plan más divertido que una barbacoa americana en buena compañía?
Descubre más
Vive el fútbol en casa
Regístrate gratis o inicia sesión y accede a descuentos exclusivos en Foster’s para delivery y take-away.
Regístrate
MENÚ
PARA GRUPOS
Ven con quién quieras y disfruta el nuevo menú para grupos.
Entrante + Plato principal + Postre + Bebida
Descúbrelo
Previous
Next
Foster's
Auténticos desde 1971
Disfruta de tus platos favoritos con todo el sabor de nuestra parrilla y comparte tus Bacon & Cheese Fries solo con quién tú quieras.
Burgers
Delivery
Bebida
NUEVO
MENÚ DEL DÍA
Descubrir
CARTA
SIN GLUTEN
Ver más
CARTA FOSTER'S
Original Chicken Wings
Alitas de pollo crujientes acompañadas de la salsa que elijas.
Ver más
Corn Ribs
Crujientes tiras de mazorcas de maíz sazonadas y acompañadas de salsa butter.
Ver más
Nashville Chicken Wings
Alitas de pollo crujientes glaseadas con salsa Nashville.
Ver más
BBQ Beer Chicken Wings
Alitas de pollo crujientes glaseadas con salsa BBQ con cerveza Budweiser®.
Ver más
Hollywood combo
Aros de cebolla, fingers de queso, nachos con chili con carne, crema agria y pico de gallo, chicken fingers y quesadilla de queso con bacon crispy y cebolla encurtida, acompañado de salsa BBQ y guacamole.
Ver más
Bacon Cheese Fries
Patatas fritas, mix de quesos y bacon crispy, con salsa ranchera.
Ver más
Nachos San Fernando
Con quesos fundidos, chili con carne, crema agria, jalapeños y pico de gallo.
Ver más
Choice Chicken Fingers
Tiras de pechuga de pollo crujientes estilo sureño. Elige una salsa: BBQ o miel mostaza.
Ver más
Fingers de queso Grand Central
Queso gouda empanado. Elige una salsa: ranchera, BBQ o frambuesa
Ver más
Aros de cebolla
Aros de cebolla rebozados.
Ver más
Pulled Smoked Cheese Fries
Carne de cerdo deshilachada con salsa BBQ, patatas fritas gratinadas con queso cheddar ahumado y mix de quesos, cebolla frita y salsa Mayo Smoked Bacon
Ver más
Tex & Cheese Fries
Patatas fritas, quesos fundidos, pico de gallo, chilli con carne, jalapeños, salsa ranchera, salsa Smoked red pepper y cilantro.
Ver más
Ver toda la carta
Promociones
¡Descubre las mejores promociones pensadas para ti!
Ver promociones
2x1 Bienvenida
Exclusivo en pedidos a domicilio.
2x1 estudiantes
En cenas de domingo a jueves
Disfruta del 10%
Fosterianos es ahora Club·by.
Previous
Next
PROMOCIONES
2x1 Bienvenida
Exclusivo en pedidos a domicilio
2x1 estudiantes
En cenas de domingo a jueves
Disfruta del 10 %
Fosterianos es ahora Club·by
Ver promociones",2702
ginos,Ginos,A,"Auténtica comida italiana artesanal | Ginos
Reserva una mesa
SPRITZ &
COCKTAIL
Con corazón italiano
Descúbrelos
EL FÚTBOL EN CASA CON DESCUENTOS
Por ser socio de Club·By, disfruta de promociones exclusivas en tu pedido a domicilio.
Registrarme
MENÙ DEL GIORNO
Aquí la semana sabe mejor.
Descúbrelo
Previous
Next
La cocina Italiana  con nombre propio
En Ginos podrás disfrutar de una cocina italiana llena de sabor y personalidad, donde encontrarás tanto recetas tradicionales de auténtica cocina italiana como innovadoras recetas de vanguardia con nombre propio.
Pastas
Pizzas
Cócteles
TARDEO
ITALIANO
Pruébalas
MENÚ
NOCHE
Pruébalo
CARTA GINOS
SPAGHETTI ALLA CARBONARA DE AQUÍ
Con un huevo a baja temperatura, panceta, nata, Parmigiano Reggiano DOP y pimienta negra.
Ver más
SALMONE E MELANZANE
Salmón ahumado, gorgonzola, berenjenas crujientes, tomates cherry, lechugas y almendras. Aliñada con vinagreta de miel, eneldo y bálsámico.
Ver más
GNOCCHI AL PARMIGIANO REGGIANO DOP
Con salsa de queso Parmigiano Reggiano DOP, nueces, pimienta negra y virutas de vinagre balsámico.
Ver más
PALETA IBÉRICA E MOZZARELLA
Paleta ibérica, Mozzarella di búfala, melocotón caramelizado, tomate, rúcula y pistachos. Aliñada con balsámico de frambuesa.
Ver más
TAGLIERE DI GINOS
Tabla de embutidos y quesos: Mortadela trufada con pistachos, coppa (lomo italiano), finocchiona (salchichón italiano), paleta ibérica, gorgonzola, Parmigiano Reggiano DOP, queso manchego DOP, tomate seco, rúcula, aceitunas, pan crujiente y grissini.
Ver más
GIRASOLI DI ARAGOSTA ALLA PIRATA
Pasta rellena de langosta y gambas con salsa pirata (suave crema picante con tomate), pimientos lágrima dolce rosso y pan carasau.
Ver más
MILANESE ALLA BOLOGNESE
Milanesa de pollo con salsa boloñesa y mozzarella. Acompañada de patatas gajo, tomates cherry, rúcula y Parmigiano Reggiano DOP.
Ver más
AGUA SIN GAS
Botella de 50cl.
Ver más
PROSCIUTTO E FUNGHI
Base de tomate, mozzarella, jamón york, champiñones y orégano.
Ver más
CALZONE NAPOLETANO
De carne picada de vacuno y jamón york, con borde relleno de queso provolone. Cubierto de tomate, jamón curado y Parmigiano Reggiano DOP.
Ver más
IL PECATO ITALIANO
Bombón crocante de mousse de chocolate con leche y almendras, acompañado de Chips Ahoy!®.
Ver más
RIGATONI AL FORNO SIN GLUTEN
Con chorizo y champiñones, acompañados con salsa de tomate y bechamel.
Ver más
Ver toda la carta
PROMOCIONES
Ofertas pensadas para cada ocasión: en nuestros restaurantes Ginos, para disfrutar en casa o en pedidos a recoger.
Hazte del Club y descubre todas las promociones que tenemos para ti.
Ver promociones
Descuento bienvenida
Exclusivo en pedidos a domicilio por ser socio
2x1 estudiantes
¡Disfrutar el doble de tus platos favoritos!
Previous
Next
PROMOCIONES
Descuento bienvenida
Exclusivo en pedidos a domicilio por ser socio
2x1 estudiantes
De domingo a jueves a partir de las 18:00h",2887
muerde_la_pasta,Muerde la Pasta,B,"Muerde la Pasta
MÃ¡s de 40 metros de lineal de buffet todo incluido
Recetas variadas elaboradas con productos de primera calidad
Amplios y acogedores restaurantes cerca de ti
Pasta Park infantil ubicado dentro de los restaurantes
Mientras mejoramos PUERTO VENECIA, seguimos cocinando para ti en GRAN CASA.
UN BUFFET CON MÃ�S DE 150 RECETAS
100% INSPIRACIÃ“N ITALIANA
PASTA
PIZZA
ENSALADAS
CARNE
PESCADO
POSTRES
BEBIDAS
CAFÃ‰
TARIFAS
PASTA PARK
*Los menores que accedan al Ã¡rea del Pasta Park deberÃ¡n estar supervisados por un adulto. Muerde la Pasta no serÃ¡ responsable de cualquier incidente ocurrido en su interior.
VER CONDICIONES
VEN A VIVIR LA EXPERIENCIA MUERDE LA PASTA EN CUALQUIERA DE NUESTROS RESTAURANTES
BUSCAR RESTAURANTE
PRECIOS BUFFET TODO INCLUIDO CON BEBIDA
IVA INCLUIDO
BUFFET MEDIODÃ�A
MEDIODÃ�A
EXCEPTO VÃ�SPERA DE FESTIVOS Y FESTIVOS.
BUFFET FIN DE SEMANA
MEDIODÃ�A
NOCHE
EXCEPTO VÃ�SPERA DE FESTIVOS Y FESTIVOS.
BUFFET NOCHES
NOCHE
EXCEPTO VÃ�SPERA DE FESTIVOS Y FESTIVOS.
BUFFET TODO PIZZA
NOCHE
EXCEPTO VÃ�SPERA DE FESTIVOS Y FESTIVOS.
DOMINGOS A PARTIR DE LAS 18:00H
BUFFET SÃ�BADOS MEDIODÃ�A
MEDIODÃ�A
TAMBIÃ‰N VISPERAS DE FESTIVO Y FESTIVOS.
Buffet Bambini
IVA INCLUIDO
MEDIODÃ�A
NOCHE
MAYORES DE 3 AÃ‘OS HASTA 105 CM *EXCEPTO BUFFET NOCHE Y BUFFET TODO PIZZA
MEDIODÃ�A
NOCHE
MAYORES DE 3 AÃ‘OS HASTA 105 CM *EN BUFFET NOCHE Y BUFFET TODO PIZZA
MEDIODÃ�A
NOCHE
NIÃ‘AS Y NIÃ‘OS HASTA 140cm * EXCEPTO BUFFET NOCHE Y BUFFET TODO PIZZA
MEDIODÃ�A
NOCHE
NIÃ‘AS Y NIÃ‘OS HASTA 140CM * EN BUFFET NOCHE Y BUFFET TODO PIZZA
*La disponibilidad de la oferta comercial puede variar segÃºn restaurante y estÃ¡ sujeta a posibles cambios**.
** Esos cambios se aplican siempre en Semana Santa, Verano y Navidad.
Recomendamos verificar previamente la disponibilidad de la oferta comercial en el restaurante y dÃ­a de visita elegidos.
Los menores de 3 aÃ±os entran gratis. Tarifa Bambini 105 equivaldrÃ¡ a mayores de 3 aÃ±os hasta la altura de 105 cm, la tarifa Bambini 140 para menores que superen los 105 cm hasta los 140 cm. A partir de 140 cm se cobrarÃ¡ tarifa adulta.
Los menores que accedan al Ã¡rea del Pasta Park deberÃ¡n estar supervisados por un adulto. Muerde la Pasta no serÃ¡ responsable de cualquier incidente ocurrido en su interior.
No estÃ¡ permitido el acceso con alimentos y bebidas fuera de nuestro establecimiento.
PROMOCIONES
No te pierdas las Ãºltimas noticias y toda la actualidad de Muerde la Pasta
08 agosto 2025
Muerde la Pasta y Mahou brindan por una nueva alianza
04 julio 2025
Muerde la Pasta amplÃ­a su presencia en Sevilla con la apertura de su segundo restaurante en NerviÃ³n Plaza, y anuncia un tercero
01 julio 2025
Muerde la Pasta celebra el DÃ­a Mundial de la Fruta con el lanzamiento  de O Sole Mio, la pizza dulce con topping de sol que rinde homenaje al limÃ³n
Â¡SÃ�GUENOS EN NUESTRA REDES!
@muerdelapasta
muerdelapasta
Buffet libre de diversiÃ³n: disfruta de pasta ğŸ�� pizza ğŸ�•postresğŸ�¦y bebidasğŸ¥¤sin lÃ­mites. Ãšnete al club #GenteConPasta y consigue descuentos exclusivos.ğŸ“²",3038
la_mafia,La Mafia se sienta a la mesa,B,"La Famiglia se Sienta a la Mesa | Antes La Mafia
Pedir Online
Reservar mesa
Lo nuestro no es solo cocina italiana
APERITIVO
TOP ORIGINALE
TOP TRADIZIONALE
ANTIPASTI
APERITIVO
TOP ORIGINALE
TOP TRADIZIONALE
ANTIPASTI
APERITIVO
TOP ORIGINALE
TOP TRADIZIONALE
ANTIPASTI
PASTA E SALSA
AL FORNO
RISOTTI
INSALATE
PASTA E SALSA
AL FORNO
RISOTTI
INSALATE
PASTA E SALSA
AL FORNO
RISOTTI
INSALATE
VINO
DOLCI
CARNES E PESCI
PIZZAS E CALZONE
VINO
DOLCI
CARNES E PESCI
PIZZAS E CALZONE
VINO
DOLCI
CARNES E PESCI
PIZZAS E CALZONE
LA FAMIGLIA
SE SIENTA A LA MESA
La Mafia se sienta a la mesa ahora es La Famiglia se sienta a la mesa. Nuevo nombre, misma esencia.
Porque lo nuestro no es solo comida italiana.
Es el arte de reunirnos y celebrar, de convertir lo cotidiano en especial.
Cada plato, cada rincón, cada gesto está pensado para dejar huella.
Bienvenido a la experiencia que siempre apetece y nunca se olvida.
La Famiglia se sienta a la mesa, la familia que eliges.
Ver carta
DE LA TRADICIÓN,
EL PUNTO.
DE NOSOTROS,
EL APARTE.
La tradición es solo el principio.
Nosotros ponemos el carácter, la creatividad y ese toque inesperado que convierte lo conocido en una sorpresa… La Mafia se sienta a la mesa se convierte en La Famiglia se sienta a la mesa.
Porque tras
25 años compartiendo mesa
, brindis y nuestra original cocina italiana, nos convertimos en el reflejo de lo que siempre hemos sido: un lugar donde reunirte, celebrar y sentirte parte de ello.
El mejor homenaje a la cocina italiana es seguir manteniéndola viva. Y si los clásicos hablaran, pedirían lo mismo: algo que los saque del guion.
Nuestra carta nace con esa intención:
transformar lo cotidiano en especial
. Como lo hacen también nuestros espacios, donde lo clásico y lo contemporáneo conviven sin esfuerzo.
Donde el diseño es parte del sabor. Donde todo —lo que se come, lo que se ve, lo que se siente— cuenta.
IL CLUB
AQUÍ,
REPETIR NO CANSA.
AL CONTRARIO:
SUMA.
Ven, disfruta, repite.
En La Famiglia se sienta a la mesa, repetir no es rutina. Es señal de que algo está muy bien hecho.
Es una forma de decir:
esto merece la pena.
Por eso nace nuestro
Club
, un espacio
donde cada visita suma y los detalles cuentan.
Porque ser de la casa, siempre tiene premio.
Empieza a sumar
COCINAMOS
COMO HABLAMOS:
CON CARÁCTER
Y CON LO MEJOR.
En nuestra cocina, cada plato respeta la esencia de la gastronomía italiana, pero con nuestro sello inconfundible.
Seleccionamos ingredientes de primera, añadimos productos con Denominación de Origen e Indicaciones Geográficas Protegidas, porque lo auténtico se nota.
Nos basamos en la tradición, pero no nos limitamos a ella: reinventamos recetas, exploramos técnicas y combinaciones inesperadas.
El resultado no es cocina tradicional italiana. Es la nuestra.
Top Originale
Top Tradizionale
ENCUENTRA TU RESTAURANTE MÁS CERCANO
Y VIVE UNA EXPERIENCIA QUE NO SE EXPLICA. SE SIENTE.
LA COCINA ES UN ARTE.
SABER ELEGIR, TAMBIÉN.
Sí, estamos cerca. Puedes encontrarnos en España, Portugal y Andorra la Vella.
La experiencia no solo está en nuestra cocina sino que cada restaurante es parte de ella.
Una fusión de originalidad, color y carácter, donde el confort convive con la elegancia, el color con la calma, y cada detalle está pensado para hacerte sentir parte de algo especial.
Aquí te espera mucho más que cocina italiana, te esperan platos que respetan la tradición, pero que se atreven a ir más allá. Una fusión de herencia italiana e innovación, nacida de la pasión por crear y del gusto por hacer las cosas bien.
Encuentra tu restaurante
SABERES, SABORES
Y OTRAS CONFIDENCIAS
Gastronomía Italiana
Productos típicos de Puglia: Gastronomía tradicional
En el sur de Italia, justo en el tacón de la bota, situamos la región de Puglia. Con capital en Bari, esta región italiana se encuentra justo en medio...
Leer más
Gastronomía Italiana
Gastronomía típica de Campania: platos más habituales
Bañada por el Mediterráneo y siendo tierra de volcanes, Campania es una de las regiones italianas más famosas por su cocina. Y no es para menos: su ca...
Leer más
Gastronomía Italiana
Diferencias entre pasta fresca y pasta seca: ¿Cuál elegir?
A la hora de cocinar pasta, es necesario tener en cuenta aspectos como cuántos son los gramos de pasta por persona, además de elegir entre pasta fresc...
Leer más
Visita nuestro blog
UNA MARCA
CON SABOR
A ÉXITO
Invertir en La Famiglia se sienta a la mesa es apostar por un modelo de éxito probado.
Una marca consolidada, con alta rentabilidad y presencia internacional, que sigue creciendo sin perder su esencia.
Si buscas un negocio con carácter, respaldo y futuro, tu franquicia empieza aquí.
Quiero mi franquicia",4649
papizza,Papizza,B,"Papizza
Pizzas con
mucha
Pizzas con
mucha
Nuevas Pastas con
mucha
¡Encuéntranos!
Y disfruta de tu momento 100%
Pizza
Loading...
Elige tu
Nuestra carta
Pinsas
Porciones
Complementos
Entrantes
Postres
Permite las notificaciones para estar al tanto de todas nuestras novedades
Instala nuestra app en tu dispositivo para una mejor experiencia",338
ribs,Ribs,B,"Ribs – True American Barbecue | Ribs
Update cookies preferences
Ir al contenido
True american smash
Estas burgers devoran
Quiero reservar
Ribs true american barbecue
Prueba el verdadero sabor americano
Llévame al menú
Nuevo Menú Infantil
Para todos los pequeños de la familia
¡Hoy pido yo!
Disfruta de Ribs en casa
con delivery o take away
Pide Delive-Ribs o Take Away
Tú te bajas la app
Nosotros le bajamos 6€ a tu cuenta
Descárgala aquí
¿Sueñas con abrir tu
propio negocio?
Te damos la oportunidad de ser el franquiciado de un
auténtico asador texano
Abre tu Ribs
True american smash
Estas burgers devoran
Quiero reservar
Ribs True American Barbecue
Prueba el verdadero sabor americano
¡Llévame al menú!
Nuevo Menú Infantil
Para todos los pequeños de la familia
¡Hoy pido yo!
Disfruta de Ribs en casa
con Delivery o Take away
Pide Delive-Ribs o Take Away
Tú te bajas la app
Nosotros le bajamos 6€ a tu cuenta
Descárgala aquí
¿Sueñas con abrir tu propio negocio?
Te damos la oportunidad de ser el franquiciado de un auténtico asador texano
Abre tu Ribs
Disfruta de Ribs en Casa
Con Delivery o Take Away
Conoce los beneficios
¡La App de los verdaderos Risbters!
Forma parte de la auténtica Barbacoa Americana
Abre tu Ribs
Ribs
en Instagram
Todo al rosa.
Ribs
en Facebook
Ufff… no habíamos visto nada igual
Encuentra tu
Ribs
más cercano",1335
vicio,Vicio,B,"Te damos lo tuyo. A domicilio. Barcelona — Madrid. | VICIO™
The hottest burger of today is BBQ Bacon Cheeseburger
¡Pide ya!
FOR THE HOTTEST PEOPLE
TE DAMOS LO TUYO
@GANASDEVICIO
Cheeseburger
Trufada
AQUÍ TIENES NUESTRO MENÚ
VICIO ORIGINALS
SPICY BACON CHEESEBURGER
SPICY BACON CHICKEN
POLLOS HERMANOS
BBQ BACON CHEESEBURGER
VEGAN TRUFFLE BURGER
CHEESEBURGER IBERICA
VEGAN AVOCADO
CHEESEBURGER TRUFADA
BACON CHEESEBURGER
CHEESEBURGER
AVOCADO CHEESEBURGER
SINGLE BURGER
Your browser does not support the video tag.
Your browser does not support the video tag.
Your browser does not support the video tag.
DAILY DOSE
OF VICIO HERE
Your browser does not support the video tag.
Y NIKE NOS DIÓ
LO NUESTRO
FAST, GOOD & LOUD
ESTO ES VICIO.
@ganasdevicio
Collections
Vicio Cities
About Us
Curra aquí
FAQs
Presskit
Asuntos legales
LANG
¡Pide ya!
Home
Collection
VICIO CITIES
About us
Curra aquí
FAqs
Presskit
Asuntos legales
LANG
¡Pide ya!
¡PIDE YA!
Home
Collection
VICIO CITIES
About us
Curra aquí
FAqs
Presskit
Asuntos legales
LANG
Cheeseburger
Trufada
AQUÍ TIENES NUESTRO MENÚ
VICIO ORIGINALS
SPICY BACON CHEESEBURGER
SPICY BACON CHICKEN
POLLOS HERMANOS
BBQ BACON CHEESEBURGER
VEGAN TRUFFLE BURGER
CHEESEBURGER IBERICA
VEGAN AVOCADO
CHEESEBURGER TRUFADA
BACON CHEESEBURGER
CHEESEBURGER
AVOCADO CHEESEBURGER
SINGLE BURGER
FOR THE HOTTEST PEOPLE
TE DAMOS LO TUYO
@GANASDEVICIO
Your browser does not support the video tag.
SCAN THIS
AND ENJOY
@ganasdevicio
FAST, GOOD & LOUD
ESTO ES VICIO.
Y NIKE NOS DIÓ
LO NUESTRO
SI ACCEDES A ESTA WEB
PUEDE QUE TE DEN LO TUYO
Esta web usa cookies propias para hacer estadísticas de datos de uso. Si quieres más información o modificar su configuración, visita nuestra
Política de Cookies
Aceptar
Rechazar
Ajustes",1739
miss_sushi,Miss Sushi,B,"Miss Sushi | Restaurante japonés
RESERVAR MESA
PEDIR  ONLINE
AQUÍ HAY SUSHI
Tobiko Salmón
Salmón y queso cremoso recubierto de tobiko
VER MÁS
Dragón
Arroz y alga nori, con tempura de gambas y espárragos,cubierto con aguacate servido con mayonesa japonesa y salsa teriyaki
VER MÁS
Spice Girl
Tartar de Atún Rojo de Almadraba con un punto picante, aguacate, tomate, espárragos y pepino, con sésamo wasabi y mayonesa japonesa
VER MÁS
Miss Velvet
Rollito de Salmón y Aguacate, con pepino , mayonesa, cubierto de salsa cremosa de Chile dulce ""aburi"" y un toque de ralladura de lima
VER MÁS
HAZ TU PEDIDO
¿CUÁLES SON LOS BENEFICIOS DEL CLUB?
HAZ TU PEDIDO
PEDIDOS ONLINE
Acumula puntos con cada pedido
en nuestra web y canjéalos por
platos gratis.
300 puntos de regalo
al descargarte la tarjeta del
Club Miss Sushi.
RESTAURANTE
Acumula puntos en cada visita
y podrás canjearlos por platos gratis en tus pedidos online.
Disfruta de hasta un
30% de descuento
en nuestros restaurantes.
CONOCER RESTAURANTES
MUCHO MÁS QUE SUSHI
¿Alguna vez has cenado sentado en un
columpio
? ¿O has probado el
Tataki más rico del Mundo?
¿O has comido un Yakitori sobre piedras calientes con olor a romero? Y si lo haces con las
personas que tú quieres
y en un
ambiente inigualable,
entonces vives la increíble
¡EXPERIENCIA Miss Sushi!!
Con una
carta compuesta por más de 80 platos,
somos una cadena de restaurantes Japo-fusión que tiene una oferta culinaria de calidad al mejor precio
tanto para los amantes del mejor sushi, como para aquellos que quieren disfrutar de la cocina nipona-fusión.
Si eres más de pedir desde casa…Haz tu pedido en nuestra shop.misssushi.es donde encontrarás las mejores promociones y sin gastos de envío.
CARTA
RESERVAR
A DOMICILIO
LA FILOSOFÍA
MISS  SUSHI
Miss Sushi es pasión por el buen producto, la fusión sin límites y compromiso real con la calidad y la solidaridad. Creamos experiencias que hagan disfrutar, crecer y vivir la gastronomía de forma diferente.
¡MISS SUSHI ESTÁ CERCA DE TI!
Encuentra tu Miss Sushi más cercano, haz tu pedido online y disfruta de nuestra promociones y de tus platos preferidos a domicilio. Además, puedes programar el pedido para recibirlo dónde y cuando quieras.
ENCUENTRA TU MISS SUSHI
Japo a domicilio, comida japo, restaurante japo
Comida japonesa a domicilio
Instagram
Facebook
Twitter
Youtube
Copyright © 2026 Miss Sushi
Miss Sushi
Conócenos
Carta
Alérgenos
Club Miss Sushi
Restaurantes
DARSE DE BAJA
Contacto
INFORMACIÓN
Abre tu franquicia
Trabaja con Nosotros
Blog
Miss Sushi Solidario
Preguntas frecuentes
Legal
Privacidad
Cookies
Condiciones de compra
Aviso legal
Reservar
Pedir online
RESERVAR MESA
PEDIR  ONLINE
Instagram",2673
o mamma_mia,O Mamma Mia,B,"O Mamma Mia
Málaga
Centro Histórico
Cerrado de Calderón
Teatinos
Pries
Muelle Uno
Fuengirola
Alicante
Barcelona
Sarrià – Les Corts
Aeropuerto
Aeropuerto T1
Aeropuerto T2
Cádiz
Cordoba
Reyes Católicos
Puente Genil
Sobre nosotros
Desde 1972
Trabaja con nosotros
Club: Siamo Famiglia!
Abre tu Franquicia
RESERVAR
HACER PEDIDO
Privacy Settings
We use cookies to enhance your experience while using our website. If you are using our Services via a browser you can restrict, block or remove cookies through your web browser settings. We also use content and scripts from third parties that may use tracking technologies. You can selectively provide your consent below to allow such third party embeds. For complete information about the cookies we use, data we collect and how we process them, please check our
Privacy Policy
Youtube
Consent to display content from - Youtube
Vimeo
Consent to display content from - Vimeo
Google Maps
Consent to display content from - Google
Save",973
padthaiwok,Padthaiwok,B,"padthaiwok | Disfruta de la mejor comida tailandesa
SABORES QUE
NO PIDEN
PERMISO
SABORES QUE NO PIDEN PERMISO
PIDE ONLINE
PIDE ONLINE
NOVEDADES
Si no te has decidido ya, es que lo quieres todo...
Ponte al dÃ­a con todas nuestras novedades. Aprovecha descuentos y promociones Ãºnicas, asÃ­ como nuestras ofertas limitadas.
Conoce nuestros restaurantes, recÃ³gelo en tienda o pide que te lo llevemos a casa y disfruta de la nueva comida tailandesa.
BASIL
Bowl de arroz blanco con pollo salteado con albahaca y huevo frito
PruÃ©balo
PÃ­delo online y en el local
PATATAS YAOWARAT
Patatas fritas con Chicken Yaowarat y salsa Wassabi Dip
PruÃ©balo
PÃ­delo online y en el local
THAI CESAR
Lechugas mix, rÃºcula, anacardos, tomates cherry, zanahoria, queso parmesano, cebolla frita y salsa Thai CÃ©sar
PruÃ©balo
PÃ­delo online y en el local
RESTAURANTES
Prueba un nuevo concepto de Comida Tailandesa
Ven a conocernos y a descubrir una comida que no habÃ­as probado nunca. Desde el norte hasta el sur contamos con mÃ¡s de una treintena de restaurantes al mÃ¡s puro estilo
padthaiwok
. Viaja a las calles de Bangkok a solo unos minutos de tu casa.
Â¿Que no te lo crees? Encuentra tu restaurante mÃ¡s cercano.
Encuentra tu restaurante tailandÃ©s mÃ¡s cercano
Ver restaurantes
FRANQUICIA
Forma parte de la familia
SÃºmate a la familia padthaiwok y Ãºnete al Ã©xito de nuestra franquicia
Ãšnete a la familia de
padthaiwok
y forma parte de una manera distinta de entender la comida tailandesa. Nuestra filosofÃ­a es la de seguir creciendo e innovando para ser los nÃºmero uno en el sector.
Forma parte de una marca consolidada con
mÃ¡s de 10 aÃ±os liderando el sector Noodles Bar
en EspaÃ±a bajo el concepto
Thai Street Food
CuÃ©ntame mÃ¡s
Descarga el dossier
ESTAMOS EN LA CALLE
Â¡Forma parte de nuestra comunidad!
Comparte tus momentos y experiencias con nosotros.
Nos gusta estar en la calle y conocer gente nueva. Queremos ser parte de tu historia.
padthaiwok
Thai Noodles BarğŸŒ¶ğŸ”¥
Restaurantes seguros ğŸ˜·ğŸ‘Œ
EtiquÃ©tanos en tus fotos con #Padthaiwok
Pide #WokToHome Online ğŸ‘‡
El grupo: â€œhacemos algo esta noche?â€� TÃº: #Padthai
ğŸ’¥ Jugoso como un secreto que explota en tu boca. ğŸŒ¶
ğŸ’†ğŸ�»â€�â™‚ï¸� Le estÃ¡n dando un masajeâ€¦ pero lo que le due
Hay placeres que no se gritan. Solo se mojan en sa
PodrÃ­as ser tÃº.. Pero aÃºn no te has apuntado ğŸ‘€  ğŸ“²
ğŸ�œ ğŸ¥¢ Nueva energÃ­a, misma hambre. Ella no hace prop
Â¿Te has quedado con ganas de mÃ¡s thai food?
SÃ­guenos en Instagram
Contacta con tu
restaurante
Gestionar el consentimiento de las cookies
Utilizamos tecnologÃ­as como las cookies para almacenar y/o acceder a la informaciÃ³n del dispositivo. Lo hacemos para mejorar la experiencia de navegaciÃ³n y para mostrar anuncios (no) personalizados. El consentimiento a estas tecnologÃ­as nos permitirÃ¡ procesar datos como el comportamiento de navegaciÃ³n o los ID's Ãºnicos en este sitio. No consentir o retirar el consentimiento, puede afectar negativamente a ciertas caracterÃ­sticas y funciones.
Funcional
Funcional
Siempre activo
El almacenamiento o acceso tÃ©cnico es estrictamente necesario para el propÃ³sito legÃ­timo de permitir el uso de un servicio especÃ­fico explÃ­citamente solicitado por el abonado o usuario, o con el Ãºnico propÃ³sito de llevar a cabo la transmisiÃ³n de una comunicaciÃ³n a travÃ©s de una red de comunicaciones electrÃ³nicas.
Preferencias
Preferencias
El almacenamiento o acceso tÃ©cnico es necesario para la finalidad legÃ­tima de almacenar preferencias no solicitadas por el abonado o usuario.
EstadÃ­sticas
EstadÃ­sticas
El almacenamiento o acceso tÃ©cnico que es utilizado exclusivamente con fines estadÃ­sticos.
El almacenamiento o acceso tÃ©cnico que se utiliza exclusivamente con fines estadÃ­sticos anÃ³nimos. Sin un requerimiento, el cumplimiento voluntario por parte de tu proveedor de servicios de Internet, o los registros adicionales de un tercero, la informaciÃ³n almacenada o recuperada sÃ³lo para este propÃ³sito no se puede utilizar para identificarte.
Marketing
Marketing
El almacenamiento o acceso tÃ©cnico es necesario para crear perfiles de usuario para enviar publicidad, o para rastrear al usuario en una web o en varias web con fines de marketing similares.
Administrar opciones
Gestionar los servicios
Gestionar {vendor_count} proveedores
Leer mÃ¡s sobre estos propÃ³sitos
Ver preferencias
{title}
{title}
{title}
Â¡VIVE EL MUNDIAL CON PADTHAIWOK!
VÃ¡lido los dÃ­as de partido de la selecciÃ³n espaÃ±ola
Â¡15% DE DESCUENTO EN RECOGIDAS EN LOCAL!
Marca un golazo con nuestro cÃ³digo de descuento y forma parte del equipo PadThaiWok+. Recoge tu menÃº para disfrutar de lo partidos de EspaÃ±a con la mejor comida. Solo vÃ¡lido el 6 de diciembre.
Hazte Plus
Â¡CONSIGUE GUINDILLAS CON TU COMPRA!
Oferta exclusiva para miembros de Padthaiwok+
Consigue 100 guindillas por cada euro consumido
Acumula guindillas con cada consumisiÃ³n
AquÃ­ estÃ¡n los platos que puedes canjear totalmente gratis por tus guindillas.
Extra de salsa Agridulce (Sweet Chilli): 1.700 guindillas
Minitarrina Ben & Jerryâ€™s Vanilla Pecan: 7.000 guindillas
Arroz Sukhothai Verduras Grande 15.800
Udon Pollo Grande 20.200
Curry Verde Langostinos: 22.100
Hazte Plus
Â¡ÃšNETE AL EQUIPO PADTHAIWOK!
Tarjeta de fidelizaciÃ³n para socios
Es el
programa de fidelizaciÃ³n
dirigido a nuestros socios por el que podrÃ¡s beneficiarte de promociones exclusivas, ventajas y descuentos a travÃ©s del programa de puntos (guindillas)
Solo tienes que registrarte en el siguiente formulario y enviar tus datos. RecibirÃ¡s la confirmaciÃ³n de tu registro y podrÃ¡s agregar tu tarjeta de socio a tu Wallet (IOS y Android).
Hazte Plus",5655
buga_ramen,Buga Ramen,B,"BUGA RAMEN |
RESTAURANTES
CARTA
CONTACTO
GALERIA
Buga Ramen
¡Bienvenido a Buga Ramen, el destino perfecto para sumergirte en una auténtica experiencia gastronómica Japonesa con un toque Anime increíble que te hará sentir como si estuvieras en las calles de Akihabara! Con más de 40 restaurantes en toda España y recientemente en Lisboa, Portugal, Buga Ramen se ha convertido en el lugar de encuentro favorito de los amantes del ramen todas las ciudades.
Cada uno de nuestros restaurantes está ambientado con una temática anime única que añade una atmósfera especial a tu visita.
Nuestro equipo de apasionados chefs está dedicado a ofrecerte platos de ramen y comida japonesa excepcional, preparados con ingredientes frescos , de proximidad y de la más alta calidad. Desde los fideos perfectamente cocidos al momento hasta los caldos ricos y reconfortantes, cada tazón de ramen en Buga Ramen es una delicia para el paladar. Contamos con la receta secreta del ramen perfecto, transmitida con amor y cuidado en cada plato que servimos. Ofreciendo una gran variedad de opciones que incluyen el clásico ramen de miso, el sabroso ramen de pollo entre otros y deliciosas opciones vegetarianas o veganas, para que encuentres la combinación perfecta que satisfaga tus antojos.
¡Ven y descubre por qué Buga Ramen es el lugar de referencia para disfrutar del mejor ramen!
Viaja por Akihabara.
¡Embárcate en una aventura culinaria en Akihabara! Nuestros restaurantes te llevan a un mundo mágico y auténtico que no encontrarás en ningún otro sitio. ¡Ven a disfrutar de una experiencia única y deliciosa!
Palmones
Sevilla
Valencia
Gijón
Bilbao
Valencia 2
Sabadell
BCN, Horta
Valladolid
Huelva
Jerez
Palma 2
Tarragona
Bilbao 2
San Sebastián
Madrid
Vitoria
Córdoba
Alicante
León
Santander
BCN, Eixample
Sevilla, Dos Hermanas
Valencia 3
Ibiza
Vigo
Pamplona
Lisboa
Palma
Salamanca
Cadiz
Sevilla 2
Logroño
Logroño 2
BCN, Nou Barris",1912
la_tagliatella,La Tagliatella,A,"RESERVA TU MESA
TAKE AWAY
DELIVERY
INICIAR SESIÓN
MÁS INFORMACIÓN
RESTAURANTE ITALIANO
Nuevo en La Tagliatella
DOLCE VITA HOUR
Tu pizza favorita + bebida ilimitada por solo 19,90€*
*Disfruta de tu momento Dolce Vita con spritz, cerveza, vino o refrescos ilimitados con una pizza de tu elección. Consulta condiciones y disponibilidad.
MÁS INFORMACIÓN
PLATO DE CERÁMICA CON TU PEDIDO
Con tu pedido para recoger por solo 1€ más*
*Solo en pedidos a recoger online (WEB o APP). Se entregará un plato de cerámica por pedido. Pedido mínimo de 40€.
PEDIR AHORA
GRATIS CON TU PEDIDO A DOMICILIO*
Con el código WINPIZZETA
*Regalo de Pizzeta Portafoglio Pepperoni con el código WINPIZZETA para pedidos a domicilio superiores a 35€ en nuestra web y app. Válido desde el 09/06 hasta el 30/06.
PEDIR AHORA
LOS MEJORES SABORES DE ITALIA
Descubre lo mejor de nuestra carta
CARTA
SUGERENCIAS
NOVEDADES
Aperitivi
Antipasti
La Tagliatella Cuore felice
Platos con Estrella
Tartar e carpaccio
Insalate
Piatti Principali
Le pizze
Pasta tradizionale
Pinsas
Pasta ripiena
Dolci
VER CARTA
SENZA GLUTINE
Nuestras recetas de siempre, ahora sin gluten
Abrimos La Tagliatella Senza Glutine, nuevos restaurantes en el que podrás encontrar toda nuestra carta sin gluten.
VER CARTA Y RESTAURANTES
Descárgate la App Amici de La Tagliatella
AMICI
Únete a Amici
Una verdadera degustación de ventajas. Si eres un enamorado de la gastronomía italiana, te invitamos a formar parte de Amici de La Tagliatella: con nuevos y mayores beneficios, recompensamos tu fidelidad siempre y en todas partes.
Descárgate nuestra nueva aplicación y regístrate para empezar a sumar visitas y disfrutar de todas nuestras ventajas.
QUIERO UNIRME
SABER MÁS
LA TAGLIATELLA DÓNDE Y CUÁNDO QUIERAS
Haz tu pedido online
Los mejores sabores de Italia a domicilio y para recoger. Haz tu pedido online en nuestros restaurantes italianos de una forma fácil y rápida.
Comprueba tu dirección a través de nuestra web.
Haz tu pedido. Añade todos tus platos favoritos y estarán listos en pocos minutos.
Disfrútalo. Compártelo dónde y con quién quieras.
A DOMICILIO
RECOGER
UNA EXPERIENCIA ÚNICA
Visita La Tagliatella
Autenticidad y calidad son pilares esenciales de nuestra manera de entender la gastronomía. En cada restaurante italiano de La Tagliatella puedes disfrutar de auténticas pizzas, con más de 12 para elegir. Elige entre una gran variedad de ensaladas, carpaccios, risottos y gratinados.
No te vayas sin probar algunas de nuestras más de 300 combinaciones de pastas y salsas en cada restaurante italiano de La Tagliatella. Y por supuesto, no olvides pedir alguno de nuestros exquisitos postres; tiramisú casero o helados artesanales, entre muchos otros. Todo ello conforma una amplia oferta materializada en generosas raciones que te trasladarán a las regiones italianas del Piamonte, Liguria y Emilia Romagna.
CONÓCENOS
COMPARTE LA TAGLIATELLA
latagliatella
latagliatella
LaTagliatella
LaTagliatella
La Tagliatella
TRABAJA CON NOSOTROS
ABRE TU PROPIO RESTAURANTE
CONTACTO
Nuestros restaurantes
expand_more
Restaurante italiano La Tagliatella
Reserva tu mesa
Haz tu pedido
Ver la Carta
Información de alérgenos
Información durante el embarazo
Nuestro Blog
Política de privacidad
Términos y condiciones
Aviso legal
Configuración de Cookies
2025 La Tagliatella © Todos los derechos reservados - v2.1.31",3343
rodilla,Rodilla,A,"INICIO
CARTA
CATERING
RODILLA CLUB
RESTAURANTES
CONTACTO
INICIAR SESIÓN
Empieza tu pedido
A domicilio
Recoger
En tienda
Cerca de ti
Pide ahora
Iniciar sesión para utilizar tus direcciones habituales y canjear puntos.
Nuestras novedades
¡Hazte con tu pack!
¡Descubre nuestros nuevos packs de 12, 20 y 30 y dale color a tu día. ¡Se el mejor anfitrión!
Nuevo Egg Sandwich
Disfruta de nuestro nuevo lanzamiento de sándwich frío. Delicioso relleno de huevo duro y cebollino
Explora nuestra carta
Novedades
Packs
Menús y combos
Desayunos y meriendas
Sándwiches frios
Sándwiches calientes
Focaccias
Bocadillos
Wraps y Croissants Salados
Ayuda
Contacto
Restaurantes
Canal de denuncias
Preguntas y Respuestas
Productos
Alérgenos
Alérgenos Catering
Carta
Sin gluten
Cupón Día del Sandwich
Sobre Rodilla
Historia
Manifiesto
Rodilla Club
Corporativo
Franquicias
Causas Rodilla
Empleo
Legal
Aviso legal
Política de privacidad
Política de RRSS
Política de Cookies
Condiciones de uso
BBLL Dias R
Política gestión integrada
Política de Privacidad Candidatos
Tiendas Excluidas Promociones
© 2026 Rodilla
Acerca de tí
Para comprar algunos de nuestros productos es necesario ser mayor de edad.
¿Confirmas que eres mayor de edad?
Soy menor
Soy mayor de 18 años",1240
kfc,KFC,A,"INICIO
CUPONES
PERFIL
EL CLUB
Login / Registro
COMENZAR PEDIDO
Información nutricional
Alérgenos
Política de privacidad
Condiciones promocionales
Política de cookies y anuncios
Aviso de privacidad para Europa
Nota legal",219
dominos,Domino's Pizza,A,"DOMINO'S PIZZA
INICIAR PEDIDO
CARTA
PROMOS
TIENDAS
PIZZA TRACKER
INICIAR SESIÓN
CARRITO
0 artículos en el carrito
INICIAR PEDIDO
DOMICILIO
RECOGER
International
Condiciones de compra
Información nutricional
Alérgenos
Info de Promociones
Come y Bebe
Protección de datos
Términos legales
Cookies
Contacto
Trabaja con nosotros
Acerca de Dominos Pizza
En Domino's Pizza somos expertos en masas y ofrecemos una gran variedad de ellas, elaboradas cada día en nuestro obrador solo con los mejores ingredientes. Como nuestro queso 100% mozzarella o la mejor selección de salsas para que disfrutes con intensidad de un sabor único en tus pizzas Domino's.
Cuando se trata de calidad, ponemos toda la carne en el asador. Descubre nuestra selección de carnes y los vegetales más frescos en tu Domino's Pizza favorita.
Haz tu pedido aquí a domicilio o para recoger y prepárate para disfrutar del sabor Domino's.",898
popeyes,Popeyes,A,"Carta
Pide ahora
Ofertas
Restaurantes
Ver más
Alternar menú
Popeyes
Recompensas
Registrar
Vista previa del carrito de compra
Elementos
Ver más
Más pollo. Más disfrute.
Con tu Chicken Combo por 8,49€ tienes las dos.
¡Pide ya!
Kit Kat
El cuerpo pide Pop Cream...
Oreo® o KitKat®: el dilema más rico del verano.
¡Pide ya!
XTRA Mundial
¡Con tu Menú Xtra ganas seguro!
Una TV, un smartwatch, un proyector… Te lo prometo: con la Ruleta hay premio sí o sí.
¡Regístrate y juega!
Kit Kat
Anillos de delicioso queso Gouda
3 Gouda Rings por 1,99€. Para casarse con ellos.
SÍ QUIERO
Kit Kat
Sencillo. Icónico. Inolvidable.
Llévate tu The Chicken Sandwich GRATIS en tu próximo pedido +15€
¡Me lo llevo!
Kit Kat
La felicidad no se compra.
Pero un Chicken Combo por 8,49€ se le parece bastante.
Compruébalo
Kit Kat
¡LA VES,LA QUIERES, TE LA LLEVAS!
Box Mix GRATIS en tu próximo pedido +20€. Solo tienes que venir a por ella.
¡Pilla y Vuela!
Imagen de la promoción Box gratis
Convierte tu Menú Fanta Gaming en recompensas
Consigue monedas, skins, puntos y muchos más. Solo pide y empieza a ganar.
¡PIDE YA!
Pide a domicilio con nuestra app
Descárgate la app y descubre ofertas exclusivas.
El enlace se abre en una pestaña nueva
El enlace se abre en una pestaña nueva
Apple y el logotipo de Apple son marcas comerciales de Apple Inc., registradas en EE.UU. y otros países. App Store es una marca de servicio de Apple Inc. Google Play es una marca comercial de Google Inc. Se aplican términos y condiciones.
DESCUBRE
Popeyes Club
Menú Kids
Cumpleaños y eventos
INFORMACIÓN Y SOPORTE
Lista de Alérgenos
El enlace se abre en una pestaña nueva
Valores Nutricionales
El enlace se abre en una pestaña nueva
Contacto
Preguntas Frecuentes
SOBRE NOSOTROS
Trabaja con nosotros
Sostenibilidad
Compromiso social
Sobre nosotros
LEGAL Y PROMOCIONES
Aviso Legal
Condiciones Generales
Política de Privacidad
Política de Cookies
Condiciones Legales Popeyes Club
Xtra de Popeyes
Bases de la Promocion ""Xtra de Popeyes""
Bases de la promocion ""Fanta Gaming""
Síguenos en Instagram
El enlace se abre en una pestaña nueva
Síguenos en YouTube
El enlace se abre en una pestaña nueva
Síguenos en TikTok
El enlace se abre en una pestaña nueva
TM & ©2026 Popeyes Louisiana Chicken, Inc. Todos los derechos reservados.
Configuración de cookies",2297
taco_bell,Taco Bell,A,"CARTA
PREMIOS
RESTAURANTES
PEDIDOS
TACO BELL CLUB
PROMOCIONES
QUESADILLAS
CRUNCHYWRAPS
TACOS
COMPLEMENTOS
POSTRES
BEBIDAS
ENSALADA
INFANTIL
TACONÓMICOS
En Taco Bell utilizamos cookies propias y de terceros para mejorar nuestros servicios y brindarte una experiencia más relevante recordando tus preferencias y visitas repetidas.
Al hacer clic en ""Aceptar"", aceptas el uso de todas las cookies.
Configurar cookies
(Tardarás aproximadamente 4 minutos)
Aceptar
Rechazar",466
sibuya,Sibuya,B,"Menu
Reservar
Hacer pedido
Mi cuenta
Your browser does not support HTML video.
SIBUYA URBAN SUSHI BAR
DISFRUTA DEL INESPERADO
PLACER DEL SUSHI
¡Únete a la comunidad #SibuyaLovers y consigue premios exclusivos!
Más información
Consentimiento de cookies
Para ofrecerle la mejor experiencia, utilizamos tecnologías como las cookies que almacenan información en su dispositivo y permiten hacer uso de ella. El consentimiento a estas tecnologías nos permitirá procesar datos como el comportamiento de navegación o identificadores únicos en este sitio. La falta de consentimiento, o la retirada del mismo, puede afectar negativamente a determinadas características y funciones. Más información
ACEPTAR TODO
RECHAZAR TODO
MOSTRAR DETALLES",731
pizza_hut,Pizza Hut,B,"Búsqueda de direcciones
A DOMICILIO
A RECOGER
Indique su dirección para ver el menú exacto.
Ej. Antonio Pérez, 12 Madrid
USAR MI UBICACIÓN ACTUAL
Iniciar sesión para pedir mucho más rápido
A DOMICILIO
INICIAR SESIÓN
CREAR TU CUENTA
Ofertas
Pizza
Melt's
Entrantes
Bebidas
Postres
A DOMICILIO
A RECOGER
Ej. Antonio Pérez, 12 Madrid
USAR MI UBICACIÓN ACTUAL
Iniciar sesión para pedir mucho más rápido
Pídelas ya!
Las más vendidas
TODAS
Pepperoni Lovers
Mediana - Masa Tradicional (MED)
19,90 €
Veggie Lovers
Mediana - Masa Tradicional (MED)
19,90 €
Barbacoa
Mediana - Masa Tradicional (MED)
19,90 €
VER TODAS LAS PIZZAS
Ofertas
SEE ALL
Tu Tarrina Häagen-Dazs (460ml)
Añade una tarrina Häagen-Dazs de tu sabor favorito (460 ml.)
8,35 €
6,55 €
ELEGIR OFERTA
Triple Box
Dos Pizzas medianas (masa pan, fina o tradicional) hasta 2 ingredientes, 1 ración de aros de cebolla, 1 ración de patatas grill, 1 ración de delicias de pollo, 4 panes de ajo y 2 salsas. Hazla especialidad Greatest Hits por 1€ más por pizza. Pizzas Premium o mitad y mitad más 1€ por pizza. Haz tu pizza rolling por 1,50€ por pizza.
...read more
30,95 €
ELEGIR OFERTA
Melt´s Box
Prueba nuestros nuevos Melt´s y acompáñalos con unas Patatas Grill y Bebida 50cl por 11,95€
11,95 €
ELEGIR OFERTA
Hut Three
Añade tus tres pizzas medianas favoritas (hasta 2 ingredientes). A partir de 3 ingredientes ó Greatest Hits + 1€ por pizza. Pizzas premium ó Pizzas mitad y mitad + 1€ por pizza. Por 1,50€ más por pizza, hazla Rolling
...read more
29,90 €
ELEGIR OFERTA
VER TODAS OFERTAS
Nutrición y Calidad
Listado de alérgenos
Sin Gluten
Valores nutricionales
Comida de calidad
Masas
Aviso Legal
Aviso Legal
Política de privacidad
Política de cookies
Condiciones promocionales
Corporativo
Nuestra Historia
Trabaja con nosotros
Franquíciate
Ayuda y Pedidos
Localizador pizzerías
App Pizza Hut Delivery
Contacto
Preguntas Frecuentes",1881
papa_johns,Papa John's,B,"Esta web usa cookies sin chocolate… mejor pásate por postres y prueba nuestra Mega Choco Cookie.
Las cookies de este sitio web se usan para personalizar el contenido y los anuncios, ofrecer funciones de redes sociales y analizar el tráfico. Además, compartimos información sobre el uso que haga del sitio web con nuestros partners de redes sociales, publicidad y análisis web, quienes pueden combinarla con otra información que les haya proporcionado o que hayan recopilado a partir del uso que haya hecho de sus servicios.
Selección de consentimiento
Necesarias
Preferencias
Estadística
Marketing
Mostrar detalles
Aceptar y cerrar
Permitir la selección
Rechazar
PAPA BOT
PEDIDOS
PAPA PUNTOS
LOCALES
ENTRAR
INICIO
PROMOCIONES
PIZZAS
ENTRANTES
BEBIDAS
POSTRES
EXTRAS
Domicilio:
Introduce tu dirección
EMPIEZA A ACUMULAR
PAPA
PUNTOS
Únete ya para conseguir Puntos que podrás canjear por deliciosas recompensas. Por cada 1€ acumularás 10 Papa Puntos.
PIZZERÍA PAPA JOHNS ESPAÑA
PROMOS DESTACADAS
ver todas
EXPLORA NUESTRO MENÚ
Descubre nuestras deliciosas pizzas Papa Johns realizadas con los mejores ingredientes, masa fresca, salsa de tomate, auténtico queso mozzarella y vegetales recién cortados. Pídelas con entrega a domicilio, para recoger o disfrutarlas en tu pizzería Papa Johns más cercana. ¡Better Ingredients, Better Pizza!
COMENZAR PEDIDO
Síguenos en:
PAPA JOHNS
Acerca de nosotros
Trabaja con Nosotros
Papa John's Int.
Nuestros locales
Condiciones promocionales
Contacto & Atención al Cliente
Configuración de cookies
CALIDAD Y PRODUCTO
Ingredientes
Listado de alérgenos
Valores nutricionales
Sin Gluten
FRANQUICIAS
Información
Formulario de contacto
CARTA
Promociones
Pizzas
Entrantes
Bebidas
Postres
Extras
LEGAL
Aviso legal
Condiciones generales de venta
Política de privacidad
Codigo Ético
Canal del informante
Política de cookies
© 2026 Papa John's Internacional, Inc. Todos los derechos reservados

Esta web usa cookies sin chocolate… mejor pásate por postres y prueba nuestra Mega Choco Cookie.
Las cookies de este sitio web se usan para personalizar el contenido y los anuncios, ofrecer funciones de redes sociales y analizar el tráfico. Además, compartimos información sobre el uso que haga del sitio web con nuestros partners de redes sociales, publicidad y análisis web, quienes pueden combinarla con otra información que les haya proporcionado o que hayan recopilado a partir del uso que haya hecho de sus servicios.
Selección de consentimiento
Necesarias
Preferencias
Estadística
Marketing
Mostrar detalles
Aceptar y cerrar
Permitir la selección
Rechazar
PAPA BOT
PEDIDOS
PAPA PUNTOS
LOCALES
ENTRAR
Página no encontrada
Síguenos en:
PAPA JOHNS
Acerca de nosotros
Trabaja con Nosotros
Papa John's Int.
Nuestros locales
Condiciones promocionales
Contacto & Atención al Cliente
Configuración de cookies
CALIDAD Y PRODUCTO
Ingredientes
Listado de alérgenos
Valores nutricionales
Sin Gluten
FRANQUICIAS
Información
Formulario de contacto
CARTA
Promociones
Pizzas
Entrantes
Bebidas
Postres
Extras
Pizzatón
LEGAL
Aviso legal
Condiciones generales de venta
Política de privacidad
Codigo Ético
Canal del informante
Política de cookies
© 2026 Papa John's Internacional, Inc. Todos los derechos reservados",3218
pomodoro,Pomodoro,B,"
Pomodoro es un concepto de restauración italiana dentro del segmento “fast casual”, que combina características del fast food y del casual dining. Su propuesta se basa en ofrecer platos como pizza, pasta y opciones con influencia tex-mex a precios competitivos.

Forma parte de Comess Group, una compañía española de restauración organizada con amplia presencia nacional e internacional y más de 350 establecimientos. El grupo desarrolla una estrategia multimarca orientada a ofrecer diferentes opciones de consumo a lo largo de la vida del cliente.

La misión del grupo es ofrecer opciones de restauración variadas que cubran distintas necesidades de consumo, mientras que su visión se centra en consolidarse como líder en restauración organizada a nivel internacional mediante un modelo de franquicias.
",806
lizarran,Lizarran,A,"
Lizarran es una cadena de restaurantes especializada en la gastronomía española, especialmente en tapas y pintxos, ofreciendo una amplia variedad de opciones para compartir en un ambiente informal y animado. El Pincho es la estrella de Lizarran desde hace más de 30 años. Dispone de servicio de delivery y más de 200 locales franquiciados en España, además de presencia internacional en países como Portugal, México, Chile, China y Marruecos. Forma parte de Comess Group de Restauración y fue fundada en 1988.
",511
cantina_mariachi,Cantina Mariachi,B,"
Cantina Mariachi es una cadena de restauración especializada en cocina mexicana con formato de buffet. Fundada por una familia con tradición en gastronomía, ofrece una reinterpretación de la gastronomía mexicana con ingredientes frescos y recetas familiares. Sus restaurantes son espacios llenos de color donde los clientes pueden disfrutar de la mejor cocina mexicana en un ambiente cálido y cercano. Dispone de servicio de delivery y varios locales repartidos por España.
",475
